{
    "MSFT": {
        "prediction_days": {
            "2": {
                "current_price": 418.95,
                "predicted_price": 419.6404113769531,
                "mse": 14.2793,
                "mse_scaled": 0.1662,
                "rmse": 3.7788
            },
            "7": {
                "current_price": 418.95,
                "predicted_price": 419.6275939941406,
                "mse": 14.0325,
                "mse_scaled": 0.1633,
                "rmse": 3.746
            },
            "10": {
                "current_price": 418.95,
                "predicted_price": 419.6466064453125,
                "mse": 14.1361,
                "mse_scaled": 0.1645,
                "rmse": 3.7598
            },
            "30": {
                "current_price": 418.95,
                "predicted_price": 419.6846923828125,
                "mse": 14.3586,
                "mse_scaled": 0.1671,
                "rmse": 3.7893
            }
        },
        "lstm_units": {
            "10": {
                "current_price": 418.95,
                "predicted_price": 419.6597900390625,
                "mse": 14.0329,
                "mse_scaled": 0.1633,
                "rmse": 3.7461
            },
            "30": {
                "current_price": 418.95,
                "predicted_price": 419.6744079589844,
                "mse": 14.0584,
                "mse_scaled": 0.1636,
                "rmse": 3.7495
            },
            "50": {
                "current_price": 418.95,
                "predicted_price": 419.6603088378906,
                "mse": 14.1748,
                "mse_scaled": 0.165,
                "rmse": 3.7649
            }
        },
        "dropout": {
            "0.2": {
                "current_price": 418.95,
                "predicted_price": 419.652099609375,
                "mse": 14.1579,
                "mse_scaled": 0.1648,
                "rmse": 3.7627
            },
            "0.4": {
                "current_price": 418.95,
                "predicted_price": 419.651611328125,
                "mse": 14.282,
                "mse_scaled": 0.1662,
                "rmse": 3.7791
            }
        },
        "epoch": {
            "10": {
                "current_price": 418.95,
                "predicted_price": 419.67138671875,
                "mse": 14.091,
                "mse_scaled": 0.164,
                "rmse": 3.7538
            },
            "15": {
                "current_price": 418.95,
                "predicted_price": 419.64569091796875,
                "mse": 14.1586,
                "mse_scaled": 0.1648,
                "rmse": 3.7628
            },
            "25": {
                "current_price": 418.95,
                "predicted_price": 419.65899658203125,
                "mse": 13.923,
                "mse_scaled": 0.162,
                "rmse": 3.7314
            },
            "50": {
                "current_price": 418.95,
                "predicted_price": 419.66351318359375,
                "mse": 14.1224,
                "mse_scaled": 0.1643,
                "rmse": 3.758
            }
        },
        "batch_size": {
            "16": {
                "current_price": 418.95,
                "predicted_price": 419.6401062011719,
                "mse": 14.1969,
                "mse_scaled": 0.1652,
                "rmse": 3.7679
            },
            "32": {
                "current_price": 418.95,
                "predicted_price": 419.6455078125,
                "mse": 14.2453,
                "mse_scaled": 0.1658,
                "rmse": 3.7743
            },
            "64": {
                "current_price": 418.95,
                "predicted_price": 419.67388916015625,
                "mse": 13.9953,
                "mse_scaled": 0.1629,
                "rmse": 3.741
            }
        }
    },
    "GOOG": {
        "prediction_days": {
            "2": {
                "current_price": 193.17,
                "predicted_price": 192.0117950439453,
                "mse": 9.8327,
                "mse_scaled": 0.1739,
                "rmse": 3.1357
            },
            "7": {
                "current_price": 193.17,
                "predicted_price": 192.02490234375,
                "mse": 9.7198,
                "mse_scaled": 0.1719,
                "rmse": 3.1177
            },
            "10": {
                "current_price": 193.17,
                "predicted_price": 192.0157928466797,
                "mse": 9.8013,
                "mse_scaled": 0.1733,
                "rmse": 3.1307
            },
            "30": {
                "current_price": 193.17,
                "predicted_price": 192.0570068359375,
                "mse": 9.5587,
                "mse_scaled": 0.169,
                "rmse": 3.0917
            }
        },
        "lstm_units": {
            "10": {
                "current_price": 193.17,
                "predicted_price": 192.00840759277344,
                "mse": 9.8236,
                "mse_scaled": 0.1737,
                "rmse": 3.1343
            },
            "30": {
                "current_price": 193.17,
                "predicted_price": 191.9835968017578,
                "mse": 9.9637,
                "mse_scaled": 0.1762,
                "rmse": 3.1565
            },
            "50": {
                "current_price": 193.17,
                "predicted_price": 192.0074005126953,
                "mse": 9.7936,
                "mse_scaled": 0.1732,
                "rmse": 3.1295
            }
        },
        "dropout": {
            "0.2": {
                "current_price": 193.17,
                "predicted_price": 192.0124969482422,
                "mse": 9.8478,
                "mse_scaled": 0.1741,
                "rmse": 3.1381
            },
            "0.4": {
                "current_price": 193.17,
                "predicted_price": 192.03550720214844,
                "mse": 9.7398,
                "mse_scaled": 0.1722,
                "rmse": 3.1209
            }
        },
        "epoch": {
            "10": {
                "current_price": 193.17,
                "predicted_price": 191.9658966064453,
                "mse": 10.0836,
                "mse_scaled": 0.1783,
                "rmse": 3.1755
            },
            "15": {
                "current_price": 193.17,
                "predicted_price": 192.00689697265625,
                "mse": 9.846,
                "mse_scaled": 0.1741,
                "rmse": 3.1378
            },
            "25": {
                "current_price": 193.17,
                "predicted_price": 192.0321044921875,
                "mse": 9.7241,
                "mse_scaled": 0.172,
                "rmse": 3.1183
            },
            "50": {
                "current_price": 193.17,
                "predicted_price": 192.02569580078125,
                "mse": 9.7075,
                "mse_scaled": 0.1717,
                "rmse": 3.1157
            }
        },
        "batch_size": {
            "16": {
                "current_price": 193.17,
                "predicted_price": 192.01109313964844,
                "mse": 9.7448,
                "mse_scaled": 0.1723,
                "rmse": 3.1217
            },
            "32": {
                "current_price": 193.17,
                "predicted_price": 192.0319061279297,
                "mse": 9.739,
                "mse_scaled": 0.1722,
                "rmse": 3.1207
            },
            "64": {
                "current_price": 193.17,
                "predicted_price": 192.01730346679688,
                "mse": 9.7799,
                "mse_scaled": 0.1729,
                "rmse": 3.1273
            }
        }
    },
    "DELL": {
        "prediction_days": {
            "2": {
                "current_price": 114.77,
                "predicted_price": 115.82620239257812,
                "mse": 17.4473,
                "mse_scaled": 0.1784,